{
    "telemetry": [
        {
            "gps_saati": {
                "dakika": 41,
                "milisaniye": 0,
                "saat": 21,
                "saniye": 55
            },
            "hedef_genislik": 30,
            "hedef_merkez_X": 300,
            "hedef_merkez_Y": 230,
            "hedef_yukseklik": 43,
            "iha_batarya": 0.0,
            "iha_boylam": 32.2936973,
            "iha_dikilme": -0.0006284431401146427,
            "iha_enlem": 41.5545754,
            "iha_hiz": 0.02733094058930874,
            "iha_irtifa": 61.36059787731642,
            "iha_kilitlenme": 0,
            "iha_otonom": 0,
            "iha_yatis": 0.007552128426590199,
            "iha_yonelme": 0.0005166454131259863,
            "takim_numarasi": 1
        },
        {
            "gps_saati": {
                "dakika": 41,
                "milisaniye": 0,
                "saat": 21,
                "saniye": 56
            },
            "hedef_genislik": 30,
            "hedef_merkez_X": 300,
            "hedef_merkez_Y": 230,
            "hedef_yukseklik": 43,
            "iha_batarya": 0.0,
            "iha_boylam": 32.2936973,
            "iha_dikilme": -0.0006333661672965966,
            "iha_enlem": 41.5545754,
            "iha_hiz": 0.027355557307600975,
            "iha_irtifa": 61.36059787731642,
            "iha_kilitlenme": 0,
            "iha_otonom": 0,
            "iha_yatis": 0.0075504548863079,
            "iha_yonelme": 0.000519960809133611,
            "takim_numarasi": 1
        },
        {
            "gps_saati": {
                "dakika": 41,
                "milisaniye": 0,
                "saat": 21,
                "saniye": 57
            },
            "hedef_genislik": 30,
            "hedef_merkez_X": 300,
            "hedef_merkez_Y": 230,
            "hedef_yukseklik": 43,
            "iha_batarya": 0.0,
            "iha_boylam": 32.2936973,
            "iha_dikilme": -0.0006312612256081171,
            "iha_enlem": 41.5545754,
            "iha_hiz": 0.027320969849824905,
            "iha_irtifa": 61.310597877316425,
            "iha_kilitlenme": 0,
            "iha_otonom": 0,
            "iha_yatis": 0.007543962092158463,
            "iha_yonelme": 0.0005155408642549947,
            "takim_numarasi": 1
        },
        {
            "gps_saati": {
                "dakika": 41,
                "milisaniye": 0,
                "saat": 21,
                "saniye": 58
            },
            "hedef_genislik": 30,
            "hedef_merkez_X": 300,
            "hedef_merkez_Y": 230,
            "hedef_yukseklik": 43,
            "iha_batarya": 0.0,
            "iha_boylam": 32.2936973,
            "iha_dikilme": -0.0006330591960908033,
            "iha_enlem": 41.5545754,
            "iha_hiz": 0.02744067646563053,
            "iha_irtifa": 61.30059787731642,
            "iha_kilitlenme": 0,
            "iha_otonom": 0,
            "iha_yatis": 0.007545209498727834,
            "iha_yonelme": 0.0005207167606405277,
            "takim_numarasi": 1
        },
        {
            "gps_saati": {
                "dakika": 41,
                "milisaniye": 0,
                "saat": 21,
                "saniye": 59
            },
            "hedef_genislik": 30,
            "hedef_merkez_X": 300,
            "hedef_merkez_Y": 230,
            "hedef_yukseklik": 43,
            "iha_batarya": 0.0,
            "iha_boylam": 32.2936973,
            "iha_dikilme": -0.0006292352655790533,
            "iha_enlem": 41.5545754,
            "iha_hiz": 0.027498124167323112,
            "iha_irtifa": 61.29059787731642,
            "iha_kilitlenme": 0,
            "iha_otonom": 0,
            "iha_yatis": 0.007544435680674755,
            "iha_yonelme": 0.0005222029541205162,
            "takim_numarasi": 1
        },
        {
            "gps_saati": {
                "dakika": 42,
                "milisaniye": 0,
                "saat": 21,
                "saniye": 0
            },
            "hedef_genislik": 30,
            "hedef_merkez_X": 300,
            "hedef_merkez_Y": 230,
            "hedef_yukseklik": 43,
            "iha_batarya": 0.0,
            "iha_boylam": 32.2936973,
            "iha_dikilme": -0.0006280916690274164,
            "iha_enlem": 41.5545754,
            "iha_hiz": 0.02762441709637642,
            "iha_irtifa": 61.27059787731642,
            "iha_kilitlenme": 0,
            "iha_otonom": 0,
            "iha_yatis": 0.007546638675858586,
            "iha_yonelme": 0.0005267430885949225,
            "takim_numarasi": 1
        },
        {
            "gps_saati": {
                "dakika": 42,
                "milisaniye": 0,
                "saat": 21,
                "saniye": 1
            },
            "hedef_genislik": 30,
            "hedef_merkez_X": 300,
            "hedef_merkez_Y": 230,
            "hedef_yukseklik": 43,
            "iha_batarya": 0.0,
            "iha_boylam": 32.2936973,
            "iha_dikilme": -0.0006310691544620785,
            "iha_enlem": 41.5545754,
            "iha_hiz": 0.027632128447294235,
            "iha_irtifa": 61.38059787731642,
            "iha_kilitlenme": 0,
            "iha_otonom": 0,
            "iha_yatis": 0.007549615415261057,
            "iha_yonelme": 0.00052962564488283,
            "takim_numarasi": 1
        },
        {
            "gps_saati": {
                "dakika": 42,
                "milisaniye": 0,
                "saat": 21,
                "saniye": 2
            },
            "hedef_genislik": 30,
            "hedef_merkez_X": 300,
            "hedef_merkez_Y": 230,
            "hedef_yukseklik": 43,
            "iha_batarya": 0.0,
            "iha_boylam": 32.2936973,
            "iha_dikilme": -0.000629066290687822,
            "iha_enlem": 41.5545754,
            "iha_hiz": 0.027712350711226463,
            "iha_irtifa": 61.47059787731642,
            "iha_kilitlenme": 0,
            "iha_otonom": 0,
            "iha_yatis": 0.00754890005286607,
            "iha_yonelme": 0.0005314638623616355,
            "takim_numarasi": 1
        },
        {
            "gps_saati": {
                "dakika": 42,
                "milisaniye": 0,
                "saat": 21,
                "saniye": 3
            },
            "hedef_genislik": 30,
            "hedef_merkez_X": 300,
            "hedef_merkez_Y": 230,
            "hedef_yukseklik": 43,
            "iha_batarya": 0.0,
            "iha_boylam": 32.2936973,
            "iha_dikilme": -0.0006262072757876803,
            "iha_enlem": 41.5545754,
            "iha_hiz": 0.027654245495796204,
            "iha_irtifa": 61.50059787731642,
            "iha_kilitlenme": 0,
            "iha_otonom": 0,
            "iha_yatis": 0.007544072584500128,
            "iha_yonelme": 0.0005332445398016445,
            "takim_numarasi": 1
        },
        {
            "gps_saati": {
                "dakika": 42,
                "milisaniye": 0,
                "saat": 21,
                "saniye": 4
            },
            "hedef_genislik": 30,
            "hedef_merkez_X": 300,
            "hedef_merkez_Y": 230,
            "hedef_yukseklik": 43,
            "iha_batarya": 0.0,
            "iha_boylam": 32.2936973,
            "iha_dikilme": -0.0006259749554274881,
            "iha_enlem": 41.5545754,
            "iha_hiz": 0.027651119977235794,
            "iha_irtifa": 61.52059787731642,
            "iha_kilitlenme": 0,
            "iha_otonom": 0,
            "iha_yatis": 0.007547530195349983,
            "iha_yonelme": 0.0005324327707070908,
            "takim_numarasi": 1
        },
        {
            "gps_saati": {
                "dakika": 42,
                "milisaniye": 0,
                "saat": 21,
                "saniye": 5
            },
            "hedef_genislik": 30,
            "hedef_merkez_X": 300,
            "hedef_merkez_Y": 230,
            "hedef_yukseklik": 43,
            "iha_batarya": 0.0,
            "iha_boylam": 32.2936973,